-- MySQL dump 10.19  Distrib 10.3.31-MariaDB, for debian-linux-gnu (x86_64)
--
-- Host: localhost    Database: kwees
-- ------------------------------------------------------
-- Server version	10.3.31-MariaDB-0+deb10u1

/*!40101 SET @OLD_CHARACTER_SET_CLIENT=@@CHARACTER_SET_CLIENT */;
/*!40101 SET @OLD_CHARACTER_SET_RESULTS=@@CHARACTER_SET_RESULTS */;
/*!40101 SET @OLD_COLLATION_CONNECTION=@@COLLATION_CONNECTION */;
/*!40101 SET NAMES utf8mb4 */;
/*!40103 SET @OLD_TIME_ZONE=@@TIME_ZONE */;
/*!40103 SET TIME_ZONE='+00:00' */;
/*!40014 SET @OLD_UNIQUE_CHECKS=@@UNIQUE_CHECKS, UNIQUE_CHECKS=0 */;
/*!40014 SET @OLD_FOREIGN_KEY_CHECKS=@@FOREIGN_KEY_CHECKS, FOREIGN_KEY_CHECKS=0 */;
/*!40101 SET @OLD_SQL_MODE=@@SQL_MODE, SQL_MODE='NO_AUTO_VALUE_ON_ZERO' */;
/*!40111 SET @OLD_SQL_NOTES=@@SQL_NOTES, SQL_NOTES=0 */;

--
-- Table structure for table `attemps`
--

DROP TABLE IF EXISTS `attemps`;
/*!40101 SET @saved_cs_client     = @@character_set_client */;
/*!40101 SET character_set_client = utf8 */;
CREATE TABLE `attemps` (
  `id` bigint(20) unsigned NOT NULL AUTO_INCREMENT,
  `user_id` bigint(20) unsigned NOT NULL,
  `quiz_id` bigint(20) unsigned NOT NULL,
  `score` int(10) unsigned DEFAULT NULL,
  `created_at` timestamp NULL DEFAULT NULL,
  `updated_at` timestamp NULL DEFAULT NULL,
  PRIMARY KEY (`id`)
) ENGINE=InnoDB AUTO_INCREMENT=12 DEFAULT CHARSET=utf8mb4 COLLATE=utf8mb4_unicode_ci;
/*!40101 SET character_set_client = @saved_cs_client */;

--
-- Dumping data for table `attemps`
--

LOCK TABLES `attemps` WRITE;
/*!40000 ALTER TABLE `attemps` DISABLE KEYS */;
INSERT INTO `attemps` VALUES (1,1,1,0,'2021-12-04 17:32:51','2021-12-04 17:32:51'),(2,1,2,0,'2021-12-04 17:33:26','2021-12-04 17:33:26'),(3,1,3,30,'2021-12-04 18:16:00','2021-12-04 18:16:00'),(4,1,9,0,'2021-12-05 12:39:53','2021-12-05 12:39:53'),(5,1,8,10,'2021-12-05 12:41:13','2021-12-05 12:41:13'),(6,13,1,0,'2021-12-06 08:28:06','2021-12-06 08:28:06'),(7,13,2,10,'2021-12-06 12:02:41','2021-12-06 12:02:41'),(8,13,3,0,'2021-12-08 00:43:06','2021-12-08 00:43:06'),(9,1,4,0,'2021-12-12 11:43:56','2021-12-12 11:43:56'),(10,1,5,30,'2021-12-12 11:46:57','2021-12-12 11:46:57'),(11,15,1,10,'2021-12-13 08:02:28','2021-12-13 08:02:28');
/*!40000 ALTER TABLE `attemps` ENABLE KEYS */;
UNLOCK TABLES;

--
-- Table structure for table `failed_jobs`
--

DROP TABLE IF EXISTS `failed_jobs`;
/*!40101 SET @saved_cs_client     = @@character_set_client */;
/*!40101 SET character_set_client = utf8 */;
CREATE TABLE `failed_jobs` (
  `id` bigint(20) unsigned NOT NULL AUTO_INCREMENT,
  `uuid` varchar(255) COLLATE utf8mb4_unicode_ci NOT NULL,
  `connection` text COLLATE utf8mb4_unicode_ci NOT NULL,
  `queue` text COLLATE utf8mb4_unicode_ci NOT NULL,
  `payload` longtext COLLATE utf8mb4_unicode_ci NOT NULL,
  `exception` longtext COLLATE utf8mb4_unicode_ci NOT NULL,
  `failed_at` timestamp NOT NULL DEFAULT current_timestamp(),
  PRIMARY KEY (`id`),
  UNIQUE KEY `failed_jobs_uuid_unique` (`uuid`)
) ENGINE=InnoDB DEFAULT CHARSET=utf8mb4 COLLATE=utf8mb4_unicode_ci;
/*!40101 SET character_set_client = @saved_cs_client */;

--
-- Dumping data for table `failed_jobs`
--

LOCK TABLES `failed_jobs` WRITE;
/*!40000 ALTER TABLE `failed_jobs` DISABLE KEYS */;
/*!40000 ALTER TABLE `failed_jobs` ENABLE KEYS */;
UNLOCK TABLES;

--
-- Table structure for table `migrations`
--

DROP TABLE IF EXISTS `migrations`;
/*!40101 SET @saved_cs_client     = @@character_set_client */;
/*!40101 SET character_set_client = utf8 */;
CREATE TABLE `migrations` (
  `id` int(10) unsigned NOT NULL AUTO_INCREMENT,
  `migration` varchar(255) COLLATE utf8mb4_unicode_ci NOT NULL,
  `batch` int(11) NOT NULL,
  PRIMARY KEY (`id`)
) ENGINE=InnoDB AUTO_INCREMENT=9 DEFAULT CHARSET=utf8mb4 COLLATE=utf8mb4_unicode_ci;
/*!40101 SET character_set_client = @saved_cs_client */;

--
-- Dumping data for table `migrations`
--

LOCK TABLES `migrations` WRITE;
/*!40000 ALTER TABLE `migrations` DISABLE KEYS */;
INSERT INTO `migrations` VALUES (1,'2014_10_12_000000_create_users_table',1),(2,'2014_10_12_100000_create_password_resets_table',1),(3,'2019_08_19_000000_create_failed_jobs_table',1),(4,'2019_12_14_000001_create_personal_access_tokens_table',1),(5,'2021_11_29_131101_create_quizzes_table',1),(6,'2021_11_29_131559_create_questions_table',1),(7,'2021_11_29_131916_create_options_table',1),(8,'2021_11_29_132311_create_attemps_table',1);
/*!40000 ALTER TABLE `migrations` ENABLE KEYS */;
UNLOCK TABLES;

--
-- Table structure for table `options`
--

DROP TABLE IF EXISTS `options`;
/*!40101 SET @saved_cs_client     = @@character_set_client */;
/*!40101 SET character_set_client = utf8 */;
CREATE TABLE `options` (
  `id` bigint(20) unsigned NOT NULL AUTO_INCREMENT,
  `text` text COLLATE utf8mb4_unicode_ci NOT NULL,
  `question_id` bigint(20) unsigned NOT NULL,
  `created_at` timestamp NULL DEFAULT NULL,
  `updated_at` timestamp NULL DEFAULT NULL,
  PRIMARY KEY (`id`)
) ENGINE=InnoDB AUTO_INCREMENT=361 DEFAULT CHARSET=utf8mb4 COLLATE=utf8mb4_unicode_ci;
/*!40101 SET character_set_client = @saved_cs_client */;

--
-- Dumping data for table `options`
--

LOCK TABLES `options` WRITE;
/*!40000 ALTER TABLE `options` DISABLE KEYS */;
INSERT INTO `options` VALUES (1,'Facere est consequatur saepe consequatur quis aut eligendi.',1,'2021-12-04 16:55:16','2021-12-04 16:55:16'),(2,'Rem inventore perspiciatis architecto et sit neque.',1,'2021-12-04 16:55:16','2021-12-04 16:55:16'),(3,'Et sint cumque enim nostrum aliquam illo maiores.',1,'2021-12-04 16:55:16','2021-12-04 16:55:16'),(4,'Et quae repudiandae quo iste.',1,'2021-12-04 16:55:16','2021-12-04 16:55:16'),(5,'Possimus et et fugiat voluptatem aperiam molestiae.',2,'2021-12-04 16:55:16','2021-12-04 16:55:16'),(6,'Quia repudiandae molestias ut quod sapiente.',2,'2021-12-04 16:55:16','2021-12-04 16:55:16'),(7,'Explicabo autem numquam quibusdam rerum aut et dolorem.',2,'2021-12-04 16:55:16','2021-12-04 16:55:16'),(8,'Sit cumque est non eos veniam autem ipsum occaecati officiis.',2,'2021-12-04 16:55:16','2021-12-04 16:55:16'),(9,'Ducimus enim quia dignissimos rerum.',3,'2021-12-04 16:55:16','2021-12-04 16:55:16'),(10,'Incidunt qui optio ducimus mollitia labore.',3,'2021-12-04 16:55:16','2021-12-04 16:55:16'),(11,'Libero quaerat in commodi corrupti asperiores corporis dolorum neque iure.',3,'2021-12-04 16:55:16','2021-12-04 16:55:16'),(12,'Aut rerum sint mollitia consequuntur non.',3,'2021-12-04 16:55:16','2021-12-04 16:55:16'),(13,'Soluta quibusdam consequatur eius et quia recusandae aut sed quia.',4,'2021-12-04 16:55:17','2021-12-04 16:55:17'),(14,'Modi enim ullam expedita beatae temporibus debitis sapiente debitis.',4,'2021-12-04 16:55:17','2021-12-04 16:55:17'),(15,'Perspiciatis rem assumenda sint dicta eveniet.',4,'2021-12-04 16:55:17','2021-12-04 16:55:17'),(16,'Qui qui quam consequatur ut.',4,'2021-12-04 16:55:17','2021-12-04 16:55:17'),(17,'Ea quidem et quia non repellendus ipsam laudantium.',5,'2021-12-04 16:55:17','2021-12-04 16:55:17'),(18,'Quo mollitia nam rerum magnam accusantium minima aliquid dolor quas.',5,'2021-12-04 16:55:17','2021-12-04 16:55:17'),(19,'Repudiandae consequuntur vel ratione dolorum amet quas voluptatibus enim magni.',5,'2021-12-04 16:55:17','2021-12-04 16:55:17'),(20,'Nostrum ipsa esse in accusamus illo excepturi nisi.',5,'2021-12-04 16:55:17','2021-12-04 16:55:17'),(21,'Blanditiis nostrum eum qui qui.',6,'2021-12-04 16:55:17','2021-12-04 16:55:17'),(22,'Blanditiis quo ut voluptatibus ipsam voluptatem consequuntur ab.',6,'2021-12-04 16:55:17','2021-12-04 16:55:17'),(23,'In eos eius fuga nemo.',6,'2021-12-04 16:55:17','2021-12-04 16:55:17'),(24,'Harum iure molestiae molestiae dolorem veniam numquam excepturi totam.',6,'2021-12-04 16:55:17','2021-12-04 16:55:17'),(25,'Veritatis ut natus aperiam maxime.',7,'2021-12-04 16:55:17','2021-12-04 16:55:17'),(26,'Rem numquam distinctio nesciunt pariatur libero.',7,'2021-12-04 16:55:17','2021-12-04 16:55:17'),(27,'Et dolorem sit magni neque nemo ipsa.',7,'2021-12-04 16:55:17','2021-12-04 16:55:17'),(28,'Quia et debitis perferendis molestias voluptate.',7,'2021-12-04 16:55:17','2021-12-04 16:55:17'),(29,'Vel sequi est ullam dolores at enim.',8,'2021-12-04 16:55:17','2021-12-04 16:55:17'),(30,'Ipsa iusto mollitia nobis et dolore quia.',8,'2021-12-04 16:55:17','2021-12-04 16:55:17'),(31,'Facilis recusandae harum est est nisi rem et.',8,'2021-12-04 16:55:17','2021-12-04 16:55:17'),(32,'Itaque aliquam est quod modi qui ut dolores.',8,'2021-12-04 16:55:17','2021-12-04 16:55:17'),(33,'Sunt commodi non in commodi eveniet sunt.',9,'2021-12-04 16:55:17','2021-12-04 16:55:17'),(34,'Esse maxime vero quis ut veniam et.',9,'2021-12-04 16:55:17','2021-12-04 16:55:17'),(35,'Perferendis repellendus voluptatum aut aliquid.',9,'2021-12-04 16:55:17','2021-12-04 16:55:17'),(36,'Non harum ipsum aut est commodi facere cumque corrupti amet.',9,'2021-12-04 16:55:17','2021-12-04 16:55:17'),(37,'Quos voluptates quasi enim qui voluptatibus fuga eum quidem.',10,'2021-12-04 16:55:17','2021-12-04 16:55:17'),(38,'Architecto ullam nesciunt vel perspiciatis voluptatem dolores.',10,'2021-12-04 16:55:17','2021-12-04 16:55:17'),(39,'Laudantium quis illo quis quia.',10,'2021-12-04 16:55:17','2021-12-04 16:55:17'),(40,'Dolorem consequatur est et et doloribus reprehenderit dicta voluptates.',10,'2021-12-04 16:55:17','2021-12-04 16:55:17'),(41,'Dolorem voluptatem dolorem eaque omnis voluptate quam minus magni labore.',11,'2021-12-04 16:55:18','2021-12-04 16:55:18'),(42,'Quia cum aut dignissimos omnis voluptate fuga nisi.',11,'2021-12-04 16:55:18','2021-12-04 16:55:18'),(43,'Optio cupiditate alias reprehenderit libero et voluptates aut.',11,'2021-12-04 16:55:18','2021-12-04 16:55:18'),(44,'Qui reiciendis aut reprehenderit nam et non.',11,'2021-12-04 16:55:18','2021-12-04 16:55:18'),(45,'Modi itaque commodi sit omnis ut est natus sed cupiditate.',12,'2021-12-04 16:55:18','2021-12-04 16:55:18'),(46,'Quibusdam ducimus quis quia itaque distinctio voluptas.',12,'2021-12-04 16:55:18','2021-12-04 16:55:18'),(47,'Provident quas sint deleniti magni nulla quod autem qui tempora.',12,'2021-12-04 16:55:18','2021-12-04 16:55:18'),(48,'Ad iste modi laboriosam et aut.',12,'2021-12-04 16:55:18','2021-12-04 16:55:18'),(49,'Iste labore quo nisi iste.',13,'2021-12-04 16:55:18','2021-12-04 16:55:18'),(50,'Esse ratione nulla rerum a non.',13,'2021-12-04 16:55:18','2021-12-04 16:55:18'),(51,'Reiciendis dicta quia enim sed.',13,'2021-12-04 16:55:18','2021-12-04 16:55:18'),(52,'Similique reprehenderit illo ab dolores qui dolores pariatur non mollitia.',13,'2021-12-04 16:55:18','2021-12-04 16:55:18'),(53,'Fuga dolore reprehenderit ea enim reprehenderit perferendis.',14,'2021-12-04 16:55:18','2021-12-04 16:55:18'),(54,'Ullam dignissimos qui earum quo est possimus tenetur maxime est.',14,'2021-12-04 16:55:18','2021-12-04 16:55:18'),(55,'Consequatur adipisci nihil harum laborum sit officiis eos sapiente atque.',14,'2021-12-04 16:55:18','2021-12-04 16:55:18'),(56,'Quo autem natus neque doloribus quas cumque quia ut.',14,'2021-12-04 16:55:18','2021-12-04 16:55:18'),(57,'Quam quia id dolore ducimus dolorem.',15,'2021-12-04 16:55:18','2021-12-04 16:55:18'),(58,'Sint dolores sint ducimus quia.',15,'2021-12-04 16:55:18','2021-12-04 16:55:18'),(59,'Commodi sed ullam sint optio sequi consequatur quia quia.',15,'2021-12-04 16:55:18','2021-12-04 16:55:18'),(60,'Quae illum doloremque iure est eius.',15,'2021-12-04 16:55:18','2021-12-04 16:55:18'),(61,'Et consequuntur voluptatem eligendi enim inventore sit perferendis dicta.',16,'2021-12-04 16:55:18','2021-12-04 16:55:18'),(62,'Rerum esse et eum voluptatem et iste.',16,'2021-12-04 16:55:18','2021-12-04 16:55:18'),(63,'Vel distinctio perferendis voluptatem rem.',16,'2021-12-04 16:55:18','2021-12-04 16:55:18'),(64,'Modi officia ut libero quasi consequatur minima inventore.',16,'2021-12-04 16:55:18','2021-12-04 16:55:18'),(65,'Saepe sit illo et aliquam illo ut incidunt omnis similique.',17,'2021-12-04 16:55:19','2021-12-04 16:55:19'),(66,'A earum esse doloribus porro voluptas rerum quod reiciendis.',17,'2021-12-04 16:55:19','2021-12-04 16:55:19'),(67,'Fugiat ratione id qui enim quidem architecto.',17,'2021-12-04 16:55:19','2021-12-04 16:55:19'),(68,'Distinctio ad magnam ipsum voluptatem.',17,'2021-12-04 16:55:19','2021-12-04 16:55:19'),(69,'Tenetur iusto saepe nesciunt possimus perspiciatis commodi dolorum id.',18,'2021-12-04 16:55:19','2021-12-04 16:55:19'),(70,'Enim in deleniti nisi perspiciatis debitis architecto ipsum et facilis.',18,'2021-12-04 16:55:19','2021-12-04 16:55:19'),(71,'Pariatur molestias ut voluptates ut fugit et necessitatibus.',18,'2021-12-04 16:55:19','2021-12-04 16:55:19'),(72,'Sit culpa iste sint omnis facilis beatae.',18,'2021-12-04 16:55:19','2021-12-04 16:55:19'),(73,'Accusamus vero maxime perferendis quis at.',19,'2021-12-04 16:55:19','2021-12-04 16:55:19'),(74,'Harum dolores perspiciatis eaque unde molestias necessitatibus eligendi minima.',19,'2021-12-04 16:55:19','2021-12-04 16:55:19'),(75,'Temporibus aut molestiae sed dignissimos rerum accusamus dolorem sequi.',19,'2021-12-04 16:55:19','2021-12-04 16:55:19'),(76,'Dolor nihil omnis voluptas accusamus ut necessitatibus ipsa.',19,'2021-12-04 16:55:19','2021-12-04 16:55:19'),(77,'Qui autem ipsam quis est consectetur doloribus omnis.',20,'2021-12-04 16:55:19','2021-12-04 16:55:19'),(78,'Ratione pariatur perferendis quos quaerat debitis aut aliquam.',20,'2021-12-04 16:55:19','2021-12-04 16:55:19'),(79,'Facere et id facere culpa placeat voluptatem aut modi.',20,'2021-12-04 16:55:19','2021-12-04 16:55:19'),(80,'Aliquam et necessitatibus ut tempora velit.',20,'2021-12-04 16:55:19','2021-12-04 16:55:19'),(81,'Iure eius soluta minus consequatur voluptatibus ut dolores.',21,'2021-12-04 16:55:19','2021-12-04 16:55:19'),(82,'Omnis sequi architecto unde et ratione aut.',21,'2021-12-04 16:55:19','2021-12-04 16:55:19'),(83,'Est adipisci accusamus doloribus quibusdam odit.',21,'2021-12-04 16:55:19','2021-12-04 16:55:19'),(84,'Sed necessitatibus blanditiis praesentium est porro.',21,'2021-12-04 16:55:19','2021-12-04 16:55:19'),(85,'Et doloremque quam tempora sit quod.',22,'2021-12-04 16:55:19','2021-12-04 16:55:19'),(86,'Doloremque ut ducimus aspernatur et iste totam possimus porro.',22,'2021-12-04 16:55:19','2021-12-04 16:55:19'),(87,'Quibusdam sint laboriosam nulla expedita in quo sequi perspiciatis.',22,'2021-12-04 16:55:19','2021-12-04 16:55:19'),(88,'Accusamus tempora a et laudantium quam rerum sit.',22,'2021-12-04 16:55:19','2021-12-04 16:55:19'),(89,'Recusandae repudiandae quisquam voluptatibus accusamus corrupti tempora debitis corrupti.',23,'2021-12-04 16:55:19','2021-12-04 16:55:19'),(90,'Earum velit quod voluptatem aspernatur ratione quibusdam.',23,'2021-12-04 16:55:19','2021-12-04 16:55:19'),(91,'Totam totam assumenda omnis odit.',23,'2021-12-04 16:55:19','2021-12-04 16:55:19'),(92,'Voluptatem necessitatibus nobis facilis eum.',23,'2021-12-04 16:55:19','2021-12-04 16:55:19'),(93,'Praesentium rem doloribus saepe occaecati a ipsum tempora aut.',24,'2021-12-04 16:55:20','2021-12-04 16:55:20'),(94,'Quaerat inventore nobis delectus beatae.',24,'2021-12-04 16:55:20','2021-12-04 16:55:20'),(95,'Vitae dolor ut nostrum iure nam voluptate qui.',24,'2021-12-04 16:55:20','2021-12-04 16:55:20'),(96,'Est placeat quod quia quis ex.',24,'2021-12-04 16:55:20','2021-12-04 16:55:20'),(97,'Illum non aut voluptatem rerum labore voluptate quia.',25,'2021-12-04 16:55:20','2021-12-04 16:55:20'),(98,'Quasi inventore qui et quas ratione perspiciatis est incidunt labore.',25,'2021-12-04 16:55:20','2021-12-04 16:55:20'),(99,'Totam et et ut repudiandae maiores.',25,'2021-12-04 16:55:20','2021-12-04 16:55:20'),(100,'Alias voluptatem vel dolorem sint minima.',25,'2021-12-04 16:55:20','2021-12-04 16:55:20'),(101,'Illum quod est perspiciatis delectus ut.',26,'2021-12-04 16:55:20','2021-12-04 16:55:20'),(102,'Eaque delectus quia eveniet dolores consectetur et.',26,'2021-12-04 16:55:20','2021-12-04 16:55:20'),(103,'Aut vel veniam quos est ut voluptatem.',26,'2021-12-04 16:55:20','2021-12-04 16:55:20'),(104,'Iste repellendus earum culpa ab.',26,'2021-12-04 16:55:20','2021-12-04 16:55:20'),(105,'Sed voluptas laudantium blanditiis vel culpa sed eum.',27,'2021-12-04 16:55:20','2021-12-04 16:55:20'),(106,'Impedit quo ut porro voluptas ea odio impedit.',27,'2021-12-04 16:55:20','2021-12-04 16:55:20'),(107,'Rerum voluptate fuga suscipit cupiditate voluptas facilis.',27,'2021-12-04 16:55:20','2021-12-04 16:55:20'),(108,'Dolorem optio unde velit similique.',27,'2021-12-04 16:55:20','2021-12-04 16:55:20'),(109,'Laborum repellendus pariatur ut quod qui reiciendis occaecati earum.',28,'2021-12-04 16:55:20','2021-12-04 16:55:20'),(110,'Reiciendis officiis unde aut voluptate suscipit corporis.',28,'2021-12-04 16:55:20','2021-12-04 16:55:20'),(111,'Voluptatem aut provident hic eligendi accusamus nesciunt porro fuga accusamus.',28,'2021-12-04 16:55:20','2021-12-04 16:55:20'),(112,'Voluptas quaerat quis vel sequi iure.',28,'2021-12-04 16:55:20','2021-12-04 16:55:20'),(113,'Molestiae ipsum debitis quaerat earum.',29,'2021-12-04 16:55:20','2021-12-04 16:55:20'),(114,'Quas voluptas enim quisquam ab iste impedit maxime error incidunt.',29,'2021-12-04 16:55:20','2021-12-04 16:55:20'),(115,'Quam vel sit vitae incidunt nihil ut eos.',29,'2021-12-04 16:55:20','2021-12-04 16:55:20'),(116,'Deserunt placeat consectetur dolorem eaque doloribus quaerat corrupti tempora ut.',29,'2021-12-04 16:55:20','2021-12-04 16:55:20'),(117,'Molestias ut magnam quia a voluptatem.',30,'2021-12-04 16:55:20','2021-12-04 16:55:20'),(118,'Sed vitae dignissimos distinctio illum in et quo.',30,'2021-12-04 16:55:20','2021-12-04 16:55:20'),(119,'Nam facilis voluptatem hic earum unde mollitia ab.',30,'2021-12-04 16:55:20','2021-12-04 16:55:20'),(120,'Quia sed dolorem cum provident quia voluptatem aut velit velit.',30,'2021-12-04 16:55:20','2021-12-04 16:55:20'),(121,'Dolorem dolor dolorem fugit dicta fugit.',31,'2021-12-04 16:55:21','2021-12-04 16:55:21'),(122,'Autem omnis error voluptates dolore consequatur.',31,'2021-12-04 16:55:21','2021-12-04 16:55:21'),(123,'Reprehenderit numquam tempora in facilis quas non laudantium excepturi voluptates.',31,'2021-12-04 16:55:21','2021-12-04 16:55:21'),(124,'Sunt hic vel nemo nihil.',31,'2021-12-04 16:55:21','2021-12-04 16:55:21'),(125,'Est vel ex molestiae provident.',32,'2021-12-04 16:55:21','2021-12-04 16:55:21'),(126,'Aliquid corrupti quia hic esse.',32,'2021-12-04 16:55:21','2021-12-04 16:55:21'),(127,'Dolores ea laboriosam voluptatum nesciunt.',32,'2021-12-04 16:55:21','2021-12-04 16:55:21'),(128,'Non corrupti cumque ut dolorum nesciunt eos ipsam aspernatur.',32,'2021-12-04 16:55:21','2021-12-04 16:55:21'),(129,'Esse non possimus illum sunt velit culpa nisi laudantium et.',33,'2021-12-04 16:55:21','2021-12-04 16:55:21'),(130,'Nisi voluptate est in saepe ut tempora omnis.',33,'2021-12-04 16:55:21','2021-12-04 16:55:21'),(131,'Et saepe a rerum commodi quis.',33,'2021-12-04 16:55:21','2021-12-04 16:55:21'),(132,'Corrupti nobis expedita sit illo aspernatur qui enim quia dignissimos.',33,'2021-12-04 16:55:21','2021-12-04 16:55:21'),(133,'Laboriosam et ullam nam saepe.',34,'2021-12-04 16:55:21','2021-12-04 16:55:21'),(134,'Sint enim tempora impedit quisquam quibusdam nisi eveniet accusantium aut.',34,'2021-12-04 16:55:21','2021-12-04 16:55:21'),(135,'Facilis voluptas cupiditate itaque quisquam porro et eligendi est qui.',34,'2021-12-04 16:55:21','2021-12-04 16:55:21'),(136,'Quis voluptas qui non sit.',34,'2021-12-04 16:55:21','2021-12-04 16:55:21'),(137,'Doloremque commodi et est et cum id.',35,'2021-12-04 16:55:21','2021-12-04 16:55:21'),(138,'Consectetur animi eius sint explicabo.',35,'2021-12-04 16:55:21','2021-12-04 16:55:21'),(139,'Expedita rerum incidunt incidunt ad id quibusdam quod.',35,'2021-12-04 16:55:21','2021-12-04 16:55:21'),(140,'Est molestias omnis minima esse a.',35,'2021-12-04 16:55:21','2021-12-04 16:55:21'),(141,'Ullam magnam iure consequatur quis et omnis fuga ratione.',36,'2021-12-04 16:55:21','2021-12-04 16:55:21'),(142,'Minus beatae veniam sapiente facilis ut quod quidem.',36,'2021-12-04 16:55:21','2021-12-04 16:55:21'),(143,'Blanditiis non dolor saepe et ducimus eos.',36,'2021-12-04 16:55:21','2021-12-04 16:55:21'),(144,'Qui dolores at consequatur libero dolorum repellendus qui.',36,'2021-12-04 16:55:21','2021-12-04 16:55:21'),(145,'Eius consequuntur neque iusto repellat fuga provident quas iure.',37,'2021-12-04 16:55:21','2021-12-04 16:55:21'),(146,'Id assumenda minima suscipit quis natus doloremque est molestiae.',37,'2021-12-04 16:55:21','2021-12-04 16:55:21'),(147,'Ratione sit ullam voluptatem quidem.',37,'2021-12-04 16:55:22','2021-12-04 16:55:22'),(148,'Eaque quia eos maiores dolorem consectetur fugiat et.',37,'2021-12-04 16:55:22','2021-12-04 16:55:22'),(149,'Cum ad itaque est aut.',38,'2021-12-04 16:55:22','2021-12-04 16:55:22'),(150,'Deleniti asperiores dolor excepturi est.',38,'2021-12-04 16:55:22','2021-12-04 16:55:22'),(151,'Illum cum modi molestiae dolor debitis cum ea.',38,'2021-12-04 16:55:22','2021-12-04 16:55:22'),(152,'Enim quia necessitatibus ipsum quia quis voluptatem in.',38,'2021-12-04 16:55:22','2021-12-04 16:55:22'),(153,'Repudiandae qui tempore qui nam exercitationem iusto repellendus ipsa.',39,'2021-12-04 16:55:22','2021-12-04 16:55:22'),(154,'Cum voluptate sint consequuntur illum blanditiis nulla voluptas fugit.',39,'2021-12-04 16:55:22','2021-12-04 16:55:22'),(155,'Nobis tenetur sint facilis repellat.',39,'2021-12-04 16:55:22','2021-12-04 16:55:22'),(156,'At consectetur dolorem non corporis veritatis quibusdam aut sint.',39,'2021-12-04 16:55:22','2021-12-04 16:55:22'),(157,'Qui quia quas ad et.',40,'2021-12-04 16:55:22','2021-12-04 16:55:22'),(158,'Et nihil quam et assumenda sed nostrum possimus incidunt.',40,'2021-12-04 16:55:22','2021-12-04 16:55:22'),(159,'Sed odit dolorem iusto accusantium dicta consequatur consequatur aut temporibus.',40,'2021-12-04 16:55:22','2021-12-04 16:55:22'),(160,'Deleniti distinctio dolores amet et quam facilis et.',40,'2021-12-04 16:55:22','2021-12-04 16:55:22'),(161,'Dolore et aut ut et commodi optio minus.',41,'2021-12-04 16:55:22','2021-12-04 16:55:22'),(162,'Et voluptatum omnis fugiat autem molestias recusandae beatae.',41,'2021-12-04 16:55:22','2021-12-04 16:55:22'),(163,'Libero excepturi enim consectetur error possimus quia voluptatem consectetur quisquam.',41,'2021-12-04 16:55:22','2021-12-04 16:55:22'),(164,'Aliquam aut sit veritatis a eveniet accusamus necessitatibus velit.',41,'2021-12-04 16:55:22','2021-12-04 16:55:22'),(165,'Voluptatum accusamus quia maiores facere possimus molestias voluptas.',42,'2021-12-04 16:55:22','2021-12-04 16:55:22'),(166,'Cum occaecati repellat est placeat in in ipsum delectus vel.',42,'2021-12-04 16:55:22','2021-12-04 16:55:22'),(167,'Sit maiores nihil iusto corporis minima quidem praesentium corrupti.',42,'2021-12-04 16:55:22','2021-12-04 16:55:22'),(168,'Est vel cum modi magnam dolores.',42,'2021-12-04 16:55:22','2021-12-04 16:55:22'),(169,'Excepturi nostrum et deleniti qui perferendis eum.',43,'2021-12-04 16:55:22','2021-12-04 16:55:22'),(170,'Dicta quae inventore animi adipisci.',43,'2021-12-04 16:55:22','2021-12-04 16:55:22'),(171,'Blanditiis numquam assumenda doloremque non tempora in ab.',43,'2021-12-04 16:55:22','2021-12-04 16:55:22'),(172,'Quia reiciendis et eligendi soluta optio modi ut facilis et.',43,'2021-12-04 16:55:23','2021-12-04 16:55:23'),(173,'Non velit doloremque aperiam labore dolorem nam voluptatem laudantium impedit.',44,'2021-12-04 16:55:23','2021-12-04 16:55:23'),(174,'Sit dolorem veritatis inventore aliquid non sapiente unde rerum blanditiis.',44,'2021-12-04 16:55:23','2021-12-04 16:55:23'),(175,'Aliquid ab neque autem pariatur.',44,'2021-12-04 16:55:23','2021-12-04 16:55:23'),(176,'Ea qui quo qui ea expedita consequatur molestias.',44,'2021-12-04 16:55:23','2021-12-04 16:55:23'),(177,'Accusantium necessitatibus rerum quod beatae rerum enim.',45,'2021-12-04 16:55:23','2021-12-04 16:55:23'),(178,'Explicabo similique et voluptatem nihil optio vitae.',45,'2021-12-04 16:55:23','2021-12-04 16:55:23'),(179,'Maiores amet saepe earum id id.',45,'2021-12-04 16:55:23','2021-12-04 16:55:23'),(180,'Ullam voluptatem adipisci et sint dignissimos porro maiores placeat.',45,'2021-12-04 16:55:23','2021-12-04 16:55:23'),(181,'Cupiditate assumenda excepturi in ad.',46,'2021-12-04 16:55:23','2021-12-04 16:55:23'),(182,'Quo id ipsum ipsum enim nemo dolorum.',46,'2021-12-04 16:55:23','2021-12-04 16:55:23'),(183,'Consequatur quo tempore sunt repudiandae provident voluptas vel.',46,'2021-12-04 16:55:23','2021-12-04 16:55:23'),(184,'Deserunt esse ut repellendus vitae sunt qui ea voluptatem ad.',46,'2021-12-04 16:55:23','2021-12-04 16:55:23'),(185,'Et laudantium sit quia maxime modi illo dolor magni reprehenderit.',47,'2021-12-04 16:55:23','2021-12-04 16:55:23'),(186,'Omnis impedit consequatur nam soluta ut voluptatem.',47,'2021-12-04 16:55:23','2021-12-04 16:55:23'),(187,'Veritatis nihil et pariatur ratione.',47,'2021-12-04 16:55:23','2021-12-04 16:55:23'),(188,'Voluptatibus temporibus saepe id non provident vel eum soluta.',47,'2021-12-04 16:55:23','2021-12-04 16:55:23'),(189,'Impedit enim aut velit et rerum voluptas et.',48,'2021-12-04 16:55:23','2021-12-04 16:55:23'),(190,'Occaecati fuga fugit numquam quas voluptatem sint excepturi voluptates eum.',48,'2021-12-04 16:55:23','2021-12-04 16:55:23'),(191,'Eos praesentium quas ipsa est sapiente ut non sed.',48,'2021-12-04 16:55:23','2021-12-04 16:55:23'),(192,'Magni qui eos dolorem maxime aspernatur quo non qui.',48,'2021-12-04 16:55:23','2021-12-04 16:55:23'),(193,'Voluptatem dolores numquam id veniam doloribus adipisci vel dolorum qui.',49,'2021-12-04 16:55:23','2021-12-04 16:55:23'),(194,'Minus beatae aliquid id ut magnam ut modi et nihil.',49,'2021-12-04 16:55:23','2021-12-04 16:55:23'),(195,'Ea tenetur maxime quia aliquam quis.',49,'2021-12-04 16:55:23','2021-12-04 16:55:23'),(196,'Officia sed autem qui quibusdam deserunt.',49,'2021-12-04 16:55:23','2021-12-04 16:55:23'),(197,'Nisi nemo perspiciatis non distinctio illum dolor excepturi.',50,'2021-12-04 16:55:24','2021-12-04 16:55:24'),(198,'Eaque error porro mollitia qui sed dolor dolorem.',50,'2021-12-04 16:55:24','2021-12-04 16:55:24'),(199,'Facere dolores mollitia rerum quas nam.',50,'2021-12-04 16:55:24','2021-12-04 16:55:24'),(200,'Laudantium et nihil dolor quo minus distinctio rerum aut.',50,'2021-12-04 16:55:24','2021-12-04 16:55:24'),(201,'Quos sint corporis ut quia impedit dignissimos illum illum.',51,'2021-12-04 16:55:24','2021-12-04 16:55:24'),(202,'Corrupti non perferendis magnam animi error quia quos quibusdam autem.',51,'2021-12-04 16:55:24','2021-12-04 16:55:24'),(203,'Esse nesciunt voluptas architecto ipsum deserunt.',51,'2021-12-04 16:55:24','2021-12-04 16:55:24'),(204,'Accusantium repellat ea soluta voluptatem ea.',51,'2021-12-04 16:55:24','2021-12-04 16:55:24'),(205,'Eos beatae eaque praesentium praesentium tempora voluptas iste voluptatem quidem.',52,'2021-12-04 16:55:24','2021-12-04 16:55:24'),(206,'Ab vel odit ab aliquam facere dolorum suscipit sit aut.',52,'2021-12-04 16:55:24','2021-12-04 16:55:24'),(207,'Ipsam quia recusandae quod non.',52,'2021-12-04 16:55:24','2021-12-04 16:55:24'),(208,'Nisi quaerat officiis fugit nesciunt fuga esse quia.',52,'2021-12-04 16:55:24','2021-12-04 16:55:24'),(209,'Qui laboriosam magnam consequuntur quia in dicta porro pariatur.',53,'2021-12-04 16:55:24','2021-12-04 16:55:24'),(210,'Optio dolor et rem qui et doloremque.',53,'2021-12-04 16:55:24','2021-12-04 16:55:24'),(211,'Magnam provident laboriosam iste ipsum soluta alias voluptatem dolor.',53,'2021-12-04 16:55:24','2021-12-04 16:55:24'),(212,'Eum illo odio totam corporis eaque omnis nulla et et.',53,'2021-12-04 16:55:24','2021-12-04 16:55:24'),(213,'Animi neque aut dignissimos quam quis ipsum qui.',54,'2021-12-04 16:55:24','2021-12-04 16:55:24'),(214,'Perspiciatis maxime in architecto numquam.',54,'2021-12-04 16:55:24','2021-12-04 16:55:24'),(215,'Occaecati eius iste id praesentium qui omnis ut facere.',54,'2021-12-04 16:55:24','2021-12-04 16:55:24'),(216,'Quos et nesciunt sunt modi vitae qui non.',54,'2021-12-04 16:55:24','2021-12-04 16:55:24'),(217,'Impedit ullam et et nulla laboriosam aut veritatis quidem quia.',55,'2021-12-04 16:55:24','2021-12-04 16:55:24'),(218,'Maiores laboriosam fugit nisi voluptas et id explicabo.',55,'2021-12-04 16:55:24','2021-12-04 16:55:24'),(219,'Autem sit quo harum possimus corporis quia quae.',55,'2021-12-04 16:55:24','2021-12-04 16:55:24'),(220,'Dolore dolor quaerat ut totam inventore.',55,'2021-12-04 16:55:24','2021-12-04 16:55:24'),(221,'Aut facilis tempore facilis recusandae.',56,'2021-12-04 16:55:24','2021-12-04 16:55:24'),(222,'Sed id numquam quia aperiam in ea sit.',56,'2021-12-04 16:55:24','2021-12-04 16:55:24'),(223,'Sint ullam vel iusto perferendis et.',56,'2021-12-04 16:55:25','2021-12-04 16:55:25'),(224,'Laudantium quae odit enim perspiciatis dolorum aut sunt corrupti alias.',56,'2021-12-04 16:55:25','2021-12-04 16:55:25'),(225,'Et quisquam qui ipsum et exercitationem.',57,'2021-12-04 16:55:25','2021-12-04 16:55:25'),(226,'Asperiores earum explicabo unde nihil.',57,'2021-12-04 16:55:25','2021-12-04 16:55:25'),(227,'Ut qui autem nemo est consequatur sint temporibus.',57,'2021-12-04 16:55:25','2021-12-04 16:55:25'),(228,'Fuga enim tempore animi rem iste et magnam quasi.',57,'2021-12-04 16:55:25','2021-12-04 16:55:25'),(229,'Ducimus velit suscipit ratione iusto.',58,'2021-12-04 16:55:25','2021-12-04 16:55:25'),(230,'Veniam ut laboriosam ducimus atque tempore voluptatum tempore.',58,'2021-12-04 16:55:25','2021-12-04 16:55:25'),(231,'Voluptas quos earum recusandae id error culpa.',58,'2021-12-04 16:55:25','2021-12-04 16:55:25'),(232,'Numquam nihil dolorum ab nisi cumque animi temporibus corrupti.',58,'2021-12-04 16:55:25','2021-12-04 16:55:25'),(233,'Cupiditate et error vero harum alias accusamus.',59,'2021-12-04 16:55:25','2021-12-04 16:55:25'),(234,'Et aut quo quo et non a minima omnis.',59,'2021-12-04 16:55:25','2021-12-04 16:55:25'),(235,'Voluptas minus voluptatem ut velit distinctio labore.',59,'2021-12-04 16:55:25','2021-12-04 16:55:25'),(236,'Et dolores facilis iure nihil iste.',59,'2021-12-04 16:55:25','2021-12-04 16:55:25'),(237,'Laudantium quis praesentium officia deserunt nostrum perferendis consectetur.',60,'2021-12-04 16:55:25','2021-12-04 16:55:25'),(238,'Eius enim doloribus vel eos similique et.',60,'2021-12-04 16:55:25','2021-12-04 16:55:25'),(239,'Natus ex et maiores voluptatibus.',60,'2021-12-04 16:55:25','2021-12-04 16:55:25'),(240,'Autem dolores a porro occaecati cumque et ut.',60,'2021-12-04 16:55:25','2021-12-04 16:55:25'),(241,'Expedita qui rem beatae vel et explicabo fugiat ut corrupti.',61,'2021-12-04 16:55:25','2021-12-04 16:55:25'),(242,'Voluptatem eum animi dicta aspernatur non.',61,'2021-12-04 16:55:25','2021-12-04 16:55:25'),(243,'Quisquam natus dignissimos exercitationem qui iure impedit architecto est.',61,'2021-12-04 16:55:25','2021-12-04 16:55:25'),(244,'Et necessitatibus odio itaque deleniti ipsum rerum aliquid.',61,'2021-12-04 16:55:25','2021-12-04 16:55:25'),(245,'Deleniti aliquid autem consequatur earum enim sit.',62,'2021-12-04 16:55:25','2021-12-04 16:55:25'),(246,'Dolorem quia quas maiores ad in illum architecto expedita.',62,'2021-12-04 16:55:25','2021-12-04 16:55:25'),(247,'Architecto alias ut qui sed nulla voluptatem.',62,'2021-12-04 16:55:25','2021-12-04 16:55:25'),(248,'Rerum eos corporis aut quae quas.',62,'2021-12-04 16:55:25','2021-12-04 16:55:25'),(249,'Suscipit ab consequuntur quam cum.',63,'2021-12-04 16:55:26','2021-12-04 16:55:26'),(250,'In et quia aut aut ut totam quo architecto et.',63,'2021-12-04 16:55:26','2021-12-04 16:55:26'),(251,'Eveniet non inventore nulla aut et necessitatibus.',63,'2021-12-04 16:55:26','2021-12-04 16:55:26'),(252,'Ut ducimus aliquam tempora quae quam nihil itaque quae omnis.',63,'2021-12-04 16:55:26','2021-12-04 16:55:26'),(253,'Sequi totam nihil voluptas itaque excepturi quo modi ut.',64,'2021-12-04 16:55:26','2021-12-04 16:55:26'),(254,'Eum voluptatem voluptates animi vitae quis cupiditate omnis assumenda.',64,'2021-12-04 16:55:26','2021-12-04 16:55:26'),(255,'Aut fuga labore id quasi voluptas ipsam.',64,'2021-12-04 16:55:26','2021-12-04 16:55:26'),(256,'Quia aut nemo ut quasi praesentium nisi voluptas quam.',64,'2021-12-04 16:55:26','2021-12-04 16:55:26'),(257,'Veniam at qui magnam eum consequatur explicabo mollitia qui neque.',65,'2021-12-04 16:55:26','2021-12-04 16:55:26'),(258,'Enim optio fugit occaecati rerum.',65,'2021-12-04 16:55:26','2021-12-04 16:55:26'),(259,'Hic repellat voluptatem perferendis aut sequi dolorum hic incidunt tempore.',65,'2021-12-04 16:55:26','2021-12-04 16:55:26'),(260,'Aut consequuntur explicabo fugiat voluptatibus.',65,'2021-12-04 16:55:26','2021-12-04 16:55:26'),(261,'Rem ratione sunt dolores velit ipsum dolores sed voluptas.',66,'2021-12-04 16:55:26','2021-12-04 16:55:26'),(262,'Dolorem recusandae iste iusto sapiente non rem.',66,'2021-12-04 16:55:26','2021-12-04 16:55:26'),(263,'Omnis tempora iure maxime dolorem facere autem.',66,'2021-12-04 16:55:26','2021-12-04 16:55:26'),(264,'Ut consectetur vel optio consectetur.',66,'2021-12-04 16:55:26','2021-12-04 16:55:26'),(265,'Officiis doloremque amet aliquam est ipsa.',67,'2021-12-04 16:55:26','2021-12-04 16:55:26'),(266,'Ea distinctio non adipisci eveniet.',67,'2021-12-04 16:55:26','2021-12-04 16:55:26'),(267,'Autem temporibus voluptatem est qui.',67,'2021-12-04 16:55:26','2021-12-04 16:55:26'),(268,'Ea et dicta iste iure nisi qui vitae.',67,'2021-12-04 16:55:26','2021-12-04 16:55:26'),(269,'Laborum doloremque consequatur repellat est omnis.',68,'2021-12-04 16:55:26','2021-12-04 16:55:26'),(270,'Veritatis eum amet dolorem architecto hic fugit.',68,'2021-12-04 16:55:26','2021-12-04 16:55:26'),(271,'Architecto eum sit suscipit quidem accusamus voluptatem commodi eius.',68,'2021-12-04 16:55:26','2021-12-04 16:55:26'),(272,'Adipisci qui facere qui omnis et error neque eligendi.',68,'2021-12-04 16:55:26','2021-12-04 16:55:26'),(273,'Ipsum sit corporis voluptatem aut eum.',69,'2021-12-04 16:55:26','2021-12-04 16:55:26'),(274,'Sed earum molestiae magnam eveniet dolorem alias vero.',69,'2021-12-04 16:55:26','2021-12-04 16:55:26'),(275,'Ad est voluptas et quis numquam accusantium mollitia sit fugit.',69,'2021-12-04 16:55:26','2021-12-04 16:55:26'),(276,'Commodi ipsam in similique quos et sed magnam dicta et.',69,'2021-12-04 16:55:27','2021-12-04 16:55:27'),(277,'Animi amet blanditiis dolorum harum qui libero voluptate et officiis.',70,'2021-12-04 16:55:27','2021-12-04 16:55:27'),(278,'Impedit quis molestiae eius fugit.',70,'2021-12-04 16:55:27','2021-12-04 16:55:27'),(279,'Porro accusamus aut repudiandae velit et.',70,'2021-12-04 16:55:27','2021-12-04 16:55:27'),(280,'Quia sed rerum aut provident quia voluptatum illum.',70,'2021-12-04 16:55:27','2021-12-04 16:55:27'),(281,'Delectus odit architecto magnam exercitationem quia ad qui eligendi.',71,'2021-12-04 16:55:27','2021-12-04 16:55:27'),(282,'Fugit laudantium eos alias minima libero ducimus.',71,'2021-12-04 16:55:27','2021-12-04 16:55:27'),(283,'Et veniam eum beatae sunt sed quia vel voluptas.',71,'2021-12-04 16:55:27','2021-12-04 16:55:27'),(284,'Ea qui amet quod aliquid exercitationem unde consectetur laborum.',71,'2021-12-04 16:55:27','2021-12-04 16:55:27'),(285,'Adipisci tempora omnis qui quisquam sapiente voluptatibus.',72,'2021-12-04 16:55:27','2021-12-04 16:55:27'),(286,'Id minus est maiores commodi ut laboriosam.',72,'2021-12-04 16:55:27','2021-12-04 16:55:27'),(287,'A deserunt eligendi ipsum dolor cumque.',72,'2021-12-04 16:55:27','2021-12-04 16:55:27'),(288,'Omnis veritatis tempore amet soluta ducimus est doloremque harum est.',72,'2021-12-04 16:55:27','2021-12-04 16:55:27'),(289,'Eum quia tenetur nisi aspernatur aliquid est.',73,'2021-12-04 16:55:27','2021-12-04 16:55:27'),(290,'Ipsa qui hic fuga fuga est iure et.',73,'2021-12-04 16:55:27','2021-12-04 16:55:27'),(291,'Velit est velit voluptatem dicta.',73,'2021-12-04 16:55:27','2021-12-04 16:55:27'),(292,'Eligendi quas eaque libero quisquam nemo voluptatibus laudantium.',73,'2021-12-04 16:55:27','2021-12-04 16:55:27'),(293,'Sit et qui in deserunt quis.',74,'2021-12-04 16:55:27','2021-12-04 16:55:27'),(294,'Quae et est quae repellendus molestiae.',74,'2021-12-04 16:55:27','2021-12-04 16:55:27'),(295,'Dignissimos voluptates provident officia sint temporibus ut.',74,'2021-12-04 16:55:27','2021-12-04 16:55:27'),(296,'Ab aut voluptatem ut non.',74,'2021-12-04 16:55:27','2021-12-04 16:55:27'),(297,'Necessitatibus velit blanditiis dolorem harum id alias.',75,'2021-12-04 16:55:27','2021-12-04 16:55:27'),(298,'Dolorem eaque culpa illo corporis repellat.',75,'2021-12-04 16:55:27','2021-12-04 16:55:27'),(299,'Nemo dolorem accusamus vel aut voluptates quo incidunt.',75,'2021-12-04 16:55:27','2021-12-04 16:55:27'),(300,'Voluptate maiores fuga quae ab aut praesentium sint ab.',75,'2021-12-04 16:55:27','2021-12-04 16:55:27'),(301,'Suscipit iure iusto voluptatem quis aut dolorem.',76,'2021-12-04 16:55:28','2021-12-04 16:55:28'),(302,'Nihil sunt quis in repellat molestiae.',76,'2021-12-04 16:55:28','2021-12-04 16:55:28'),(303,'Et ea itaque autem est omnis optio ad placeat hic.',76,'2021-12-04 16:55:28','2021-12-04 16:55:28'),(304,'Nulla earum nemo adipisci saepe non veritatis.',76,'2021-12-04 16:55:28','2021-12-04 16:55:28'),(305,'Consectetur sunt corrupti nobis sit veritatis nostrum voluptatibus iste et.',77,'2021-12-04 16:55:28','2021-12-04 16:55:28'),(306,'Aut aut magnam aut sit totam quisquam.',77,'2021-12-04 16:55:28','2021-12-04 16:55:28'),(307,'Maiores ut delectus odit in quisquam.',77,'2021-12-04 16:55:28','2021-12-04 16:55:28'),(308,'Consectetur aspernatur neque odit dolorem iste nemo maiores.',77,'2021-12-04 16:55:28','2021-12-04 16:55:28'),(309,'Qui aut temporibus iste velit.',78,'2021-12-04 16:55:28','2021-12-04 16:55:28'),(310,'Ratione eum reprehenderit dolor amet eos.',78,'2021-12-04 16:55:28','2021-12-04 16:55:28'),(311,'Ut doloribus voluptas aspernatur nulla repellat mollitia et explicabo.',78,'2021-12-04 16:55:28','2021-12-04 16:55:28'),(312,'Sequi officiis aliquam laudantium quaerat voluptatibus sed numquam fugit voluptatem.',78,'2021-12-04 16:55:28','2021-12-04 16:55:28'),(313,'Ex nihil occaecati incidunt consequatur illo est.',79,'2021-12-04 16:55:28','2021-12-04 16:55:28'),(314,'Quo delectus fugiat quod adipisci ut.',79,'2021-12-04 16:55:28','2021-12-04 16:55:28'),(315,'Quaerat ut est maiores ratione qui ut voluptatem.',79,'2021-12-04 16:55:28','2021-12-04 16:55:28'),(316,'Voluptatem impedit non consectetur nisi.',79,'2021-12-04 16:55:28','2021-12-04 16:55:28'),(317,'Qui hic itaque velit blanditiis eius maiores.',80,'2021-12-04 16:55:28','2021-12-04 16:55:28'),(318,'Doloribus atque nihil repellendus consequuntur rem rerum adipisci.',80,'2021-12-04 16:55:28','2021-12-04 16:55:28'),(319,'Esse est facilis ad perspiciatis a commodi eum.',80,'2021-12-04 16:55:28','2021-12-04 16:55:28'),(320,'Eum voluptates ut in magnam et labore labore id nobis.',80,'2021-12-04 16:55:28','2021-12-04 16:55:28'),(321,'Sint quis vitae itaque sit cumque.',81,'2021-12-04 16:55:29','2021-12-04 16:55:29'),(322,'Qui cum voluptatem aut illo nobis facere iusto dignissimos.',81,'2021-12-04 16:55:29','2021-12-04 16:55:29'),(323,'Labore incidunt autem veniam commodi aut laudantium id.',81,'2021-12-04 16:55:29','2021-12-04 16:55:29'),(324,'Consequatur et quo aliquam fugiat adipisci at a hic.',81,'2021-12-04 16:55:29','2021-12-04 16:55:29'),(325,'Voluptates ab et sit a repellat excepturi ut minus.',82,'2021-12-04 16:55:29','2021-12-04 16:55:29'),(326,'Est quisquam quia voluptates non sint fuga labore.',82,'2021-12-04 16:55:29','2021-12-04 16:55:29'),(327,'Saepe hic et nobis dolorem iure impedit doloribus tempora consectetur.',82,'2021-12-04 16:55:29','2021-12-04 16:55:29'),(328,'Reiciendis sapiente cupiditate voluptatibus veniam rerum dolores asperiores unde.',82,'2021-12-04 16:55:29','2021-12-04 16:55:29'),(329,'Ab et sed laudantium laudantium ullam.',83,'2021-12-04 16:55:29','2021-12-04 16:55:29'),(330,'Dolore excepturi ea totam nihil optio veniam excepturi ut.',83,'2021-12-04 16:55:29','2021-12-04 16:55:29'),(331,'Sunt maxime iusto eos nobis deleniti earum impedit ipsam consequatur.',83,'2021-12-04 16:55:29','2021-12-04 16:55:29'),(332,'Voluptatem dolorum est deserunt voluptate alias aliquam.',83,'2021-12-04 16:55:29','2021-12-04 16:55:29'),(333,'In dolores et quis autem est neque.',84,'2021-12-04 16:55:29','2021-12-04 16:55:29'),(334,'Ex sunt nemo autem voluptatum ad est sunt quaerat.',84,'2021-12-04 16:55:29','2021-12-04 16:55:29'),(335,'Dolore et id aut sed occaecati dolor qui pariatur.',84,'2021-12-04 16:55:29','2021-12-04 16:55:29'),(336,'Quibusdam voluptatem in voluptate totam veniam ratione.',84,'2021-12-04 16:55:29','2021-12-04 16:55:29'),(337,'Eos incidunt ducimus consequatur modi quod.',85,'2021-12-04 16:55:29','2021-12-04 16:55:29'),(338,'Quae est rem quae quaerat saepe quo alias.',85,'2021-12-04 16:55:29','2021-12-04 16:55:29'),(339,'Unde ea sed adipisci maiores aut reiciendis.',85,'2021-12-04 16:55:29','2021-12-04 16:55:29'),(340,'Molestiae et qui ipsa et reprehenderit impedit et.',85,'2021-12-04 16:55:29','2021-12-04 16:55:29'),(341,'Pariatur est odit veniam magnam hic et ut accusamus nihil.',86,'2021-12-04 16:55:30','2021-12-04 16:55:30'),(342,'Omnis labore numquam quis nisi eum mollitia odio dolorum porro.',86,'2021-12-04 16:55:30','2021-12-04 16:55:30'),(343,'Odit modi sed velit velit impedit repudiandae.',86,'2021-12-04 16:55:30','2021-12-04 16:55:30'),(344,'Impedit sunt nihil aut minima.',86,'2021-12-04 16:55:30','2021-12-04 16:55:30'),(345,'Necessitatibus voluptas qui rerum molestias recusandae et dolor.',87,'2021-12-04 16:55:30','2021-12-04 16:55:30'),(346,'Accusamus debitis minus et corporis sunt.',87,'2021-12-04 16:55:30','2021-12-04 16:55:30'),(347,'Sit consectetur iusto labore neque tempore.',87,'2021-12-04 16:55:30','2021-12-04 16:55:30'),(348,'Vel rerum et vero aspernatur provident.',87,'2021-12-04 16:55:30','2021-12-04 16:55:30'),(349,'Cupiditate qui eum et corrupti accusamus enim debitis nobis et.',88,'2021-12-04 16:55:30','2021-12-04 16:55:30'),(350,'Est est eum tempore neque ducimus eaque sit.',88,'2021-12-04 16:55:30','2021-12-04 16:55:30'),(351,'Ea et animi inventore nostrum ipsam iste officia.',88,'2021-12-04 16:55:30','2021-12-04 16:55:30'),(352,'Necessitatibus ut occaecati iure voluptas ex quod deleniti.',88,'2021-12-04 16:55:30','2021-12-04 16:55:30'),(353,'Delectus quia quaerat similique nihil at.',89,'2021-12-04 16:55:30','2021-12-04 16:55:30'),(354,'Commodi nulla aliquid eos nulla quia.',89,'2021-12-04 16:55:30','2021-12-04 16:55:30'),(355,'Recusandae qui aliquam quidem neque quia laboriosam.',89,'2021-12-04 16:55:31','2021-12-04 16:55:31'),(356,'Aliquam quia eveniet quibusdam inventore et reiciendis ipsa deleniti.',89,'2021-12-04 16:55:31','2021-12-04 16:55:31'),(357,'Nisi facere debitis saepe quis ut aliquid molestiae atque ab.',90,'2021-12-04 16:55:31','2021-12-04 16:55:31'),(358,'Ipsa a corporis ab culpa sint neque placeat aliquid.',90,'2021-12-04 16:55:31','2021-12-04 16:55:31'),(359,'Velit totam est natus voluptatem doloribus similique quis ut.',90,'2021-12-04 16:55:31','2021-12-04 16:55:31'),(360,'Dolor aspernatur distinctio tempore qui enim praesentium.',90,'2021-12-04 16:55:31','2021-12-04 16:55:31');
/*!40000 ALTER TABLE `options` ENABLE KEYS */;
UNLOCK TABLES;

--
-- Table structure for table `password_resets`
--

DROP TABLE IF EXISTS `password_resets`;
/*!40101 SET @saved_cs_client     = @@character_set_client */;
/*!40101 SET character_set_client = utf8 */;
CREATE TABLE `password_resets` (
  `email` varchar(255) COLLATE utf8mb4_unicode_ci NOT NULL,
  `token` varchar(255) COLLATE utf8mb4_unicode_ci NOT NULL,
  `created_at` timestamp NULL DEFAULT NULL,
  KEY `password_resets_email_index` (`email`)
) ENGINE=InnoDB DEFAULT CHARSET=utf8mb4 COLLATE=utf8mb4_unicode_ci;
/*!40101 SET character_set_client = @saved_cs_client */;

--
-- Dumping data for table `password_resets`
--

LOCK TABLES `password_resets` WRITE;
/*!40000 ALTER TABLE `password_resets` DISABLE KEYS */;
/*!40000 ALTER TABLE `password_resets` ENABLE KEYS */;
UNLOCK TABLES;

--
-- Table structure for table `personal_access_tokens`
--

DROP TABLE IF EXISTS `personal_access_tokens`;
/*!40101 SET @saved_cs_client     = @@character_set_client */;
/*!40101 SET character_set_client = utf8 */;
CREATE TABLE `personal_access_tokens` (
  `id` bigint(20) unsigned NOT NULL AUTO_INCREMENT,
  `tokenable_type` varchar(255) COLLATE utf8mb4_unicode_ci NOT NULL,
  `tokenable_id` bigint(20) unsigned NOT NULL,
  `name` varchar(255) COLLATE utf8mb4_unicode_ci NOT NULL,
  `token` varchar(64) COLLATE utf8mb4_unicode_ci NOT NULL,
  `abilities` text COLLATE utf8mb4_unicode_ci DEFAULT NULL,
  `last_used_at` timestamp NULL DEFAULT NULL,
  `created_at` timestamp NULL DEFAULT NULL,
  `updated_at` timestamp NULL DEFAULT NULL,
  PRIMARY KEY (`id`),
  UNIQUE KEY `personal_access_tokens_token_unique` (`token`),
  KEY `personal_access_tokens_tokenable_type_tokenable_id_index` (`tokenable_type`,`tokenable_id`)
) ENGINE=InnoDB DEFAULT CHARSET=utf8mb4 COLLATE=utf8mb4_unicode_ci;
/*!40101 SET character_set_client = @saved_cs_client */;

--
-- Dumping data for table `personal_access_tokens`
--

LOCK TABLES `personal_access_tokens` WRITE;
/*!40000 ALTER TABLE `personal_access_tokens` DISABLE KEYS */;
/*!40000 ALTER TABLE `personal_access_tokens` ENABLE KEYS */;
UNLOCK TABLES;

--
-- Table structure for table `questions`
--

DROP TABLE IF EXISTS `questions`;
/*!40101 SET @saved_cs_client     = @@character_set_client */;
/*!40101 SET character_set_client = utf8 */;
CREATE TABLE `questions` (
  `id` bigint(20) unsigned NOT NULL AUTO_INCREMENT,
  `text` text COLLATE utf8mb4_unicode_ci NOT NULL,
  `quiz_id` bigint(20) unsigned NOT NULL,
  `answer_option_id` bigint(20) unsigned DEFAULT NULL,
  `created_at` timestamp NULL DEFAULT NULL,
  `updated_at` timestamp NULL DEFAULT NULL,
  PRIMARY KEY (`id`)
) ENGINE=InnoDB AUTO_INCREMENT=91 DEFAULT CHARSET=utf8mb4 COLLATE=utf8mb4_unicode_ci;
/*!40101 SET character_set_client = @saved_cs_client */;

--
-- Dumping data for table `questions`
--

LOCK TABLES `questions` WRITE;
/*!40000 ALTER TABLE `questions` DISABLE KEYS */;
INSERT INTO `questions` VALUES (1,'Enim corporis voluptatem voluptate quasi. Laborum quo qui et qui. Ut cupiditate eum dolorem ex.',1,2,'2021-12-04 16:55:16','2021-12-04 16:55:31'),(2,'Assumenda et laboriosam velit qui autem quia. Voluptates consectetur eos et dolore. Veritatis architecto molestiae sed quod.',1,5,'2021-12-04 16:55:16','2021-12-04 16:55:31'),(3,'Veniam recusandae eaque et quasi. Alias temporibus culpa dolor harum. Ea eum ex at error nihil ipsa.',1,11,'2021-12-04 16:55:16','2021-12-04 16:55:31'),(4,'At maiores hic tenetur ipsa dolore. Delectus est beatae at atque officiis sequi. Aut esse saepe ipsam quos velit nihil.',1,14,'2021-12-04 16:55:16','2021-12-04 16:55:31'),(5,'Quae pariatur molestias eos non. Non rem ducimus atque dignissimos. Quia enim et ipsam autem laudantium dolores.',1,20,'2021-12-04 16:55:17','2021-12-04 16:55:31'),(6,'Laudantium in nihil laboriosam doloribus qui hic. Quia voluptatem non enim incidunt. Assumenda consequatur voluptas expedita unde.',1,21,'2021-12-04 16:55:17','2021-12-04 16:55:31'),(7,'Est ullam magni fuga aspernatur eius. Eius eum corporis nemo aut aut numquam atque sed. Dolores labore ipsum error eligendi vitae officia dignissimos.',1,25,'2021-12-04 16:55:17','2021-12-04 16:55:31'),(8,'Voluptas est quod quo ducimus consequuntur dolor. Aut qui quae ipsa eos vel architecto repellendus. In nesciunt facilis doloribus eum. Dolor in fuga laboriosam quo qui.',1,31,'2021-12-04 16:55:17','2021-12-04 16:55:31'),(9,'Doloremque aut nesciunt accusantium nam. Explicabo explicabo nisi et rerum vel. Magni mollitia omnis nihil praesentium est nemo qui.',1,35,'2021-12-04 16:55:17','2021-12-04 16:55:31'),(10,'Illo dolorem commodi sint quisquam. Quaerat maiores qui exercitationem aut et. Doloribus earum minus sunt nam. Et alias vel quia dolor eos distinctio doloribus.',1,39,'2021-12-04 16:55:17','2021-12-04 16:55:31'),(11,'Facilis porro fugit eligendi quae est praesentium. Laboriosam odio a et eos et omnis. Beatae reiciendis ut adipisci est.',2,44,'2021-12-04 16:55:18','2021-12-04 16:55:31'),(12,'Dolore et sapiente exercitationem voluptatum. Libero eveniet ab quos illum repellat vero. Quidem sequi hic debitis nulla ipsam voluptate a.',2,48,'2021-12-04 16:55:18','2021-12-04 16:55:32'),(13,'Eum voluptas non omnis soluta. Itaque dignissimos nihil esse et sunt. Est nobis assumenda nulla aut quo et officia. Sunt modi sint cupiditate asperiores.',2,49,'2021-12-04 16:55:18','2021-12-04 16:55:32'),(14,'Dolores a labore qui aliquam quaerat qui. Omnis et eveniet aut rerum vero. Distinctio et quaerat soluta fugiat. Dicta et est tenetur omnis delectus ducimus.',2,54,'2021-12-04 16:55:18','2021-12-04 16:55:32'),(15,'Corrupti omnis inventore sed aut voluptatibus. Consequatur repellendus ut ad perferendis praesentium in et. Quis quis odio quia et. Delectus mollitia blanditiis voluptates aut eos quaerat.',2,60,'2021-12-04 16:55:18','2021-12-04 16:55:32'),(16,'Excepturi non est nihil velit. Expedita ut natus est accusamus ad. Sequi libero voluptatem et provident. Nemo sapiente dolor at dolorem officia sapiente.',2,64,'2021-12-04 16:55:18','2021-12-04 16:55:32'),(17,'Id laboriosam laboriosam facere amet. Qui voluptate aut explicabo non. Nemo velit mollitia perferendis quisquam deserunt.',2,65,'2021-12-04 16:55:18','2021-12-04 16:55:32'),(18,'Consectetur suscipit ut consequatur optio rem aut ut. Voluptatem perferendis hic qui nisi. Corporis et esse asperiores error autem vero.',2,70,'2021-12-04 16:55:19','2021-12-04 16:55:32'),(19,'Sit doloribus voluptas consectetur nesciunt. Facere totam non est blanditiis ducimus voluptas. Dolorem cupiditate sit cumque sequi.',2,75,'2021-12-04 16:55:19','2021-12-04 16:55:32'),(20,'Consectetur et doloribus incidunt eveniet animi quaerat cupiditate. Facilis laudantium rerum vel tenetur quae alias. Qui exercitationem deserunt placeat in dolore ipsa autem.',2,80,'2021-12-04 16:55:19','2021-12-04 16:55:32'),(21,'Rerum illo sapiente et quasi. Architecto tenetur sed ipsam quis tempora. Vel quisquam quasi et. Cupiditate sunt et quibusdam nisi.',3,83,'2021-12-04 16:55:19','2021-12-04 16:55:32'),(22,'Id error maiores velit delectus. Et maiores saepe expedita sint. Quidem debitis tenetur atque et earum voluptas. Necessitatibus est quisquam laudantium nostrum magnam. Voluptas sit nobis quod odio aliquid.',3,88,'2021-12-04 16:55:19','2021-12-04 16:55:32'),(23,'Omnis non facilis adipisci tempore. Pariatur culpa perferendis cum unde. Voluptas et saepe quam nesciunt. Tenetur illum tempora placeat sint nisi.',3,92,'2021-12-04 16:55:19','2021-12-04 16:55:32'),(24,'Laboriosam voluptas vitae eligendi et et quae. Distinctio modi qui sunt enim doloremque necessitatibus voluptatibus.',3,93,'2021-12-04 16:55:20','2021-12-04 16:55:32'),(25,'Non beatae placeat dicta natus. Ipsa blanditiis eaque eum esse quo qui ea magni. Culpa quidem non voluptatem quis vel praesentium magni. Similique natus aut omnis corporis facilis harum.',3,98,'2021-12-04 16:55:20','2021-12-04 16:55:32'),(26,'Rerum illum sapiente aliquam ipsam non facere iste. Ullam eum autem libero eos. Voluptas ut atque quibusdam accusamus mollitia ipsum suscipit.',3,101,'2021-12-04 16:55:20','2021-12-04 16:55:32'),(27,'Sed aut rem ratione voluptas dignissimos sint. Aliquam ut fugit fugiat quas nihil dolor fugit. Dolores nulla omnis facere autem recusandae.',3,106,'2021-12-04 16:55:20','2021-12-04 16:55:32'),(28,'Dolor exercitationem sed eaque ea dignissimos quod quod. Et dolorem enim tempore odit quos. Nesciunt est voluptatem doloremque quia nesciunt dolore eum. Rerum doloribus dolor praesentium rerum occaecati aut necessitatibus.',3,109,'2021-12-04 16:55:20','2021-12-04 16:55:32'),(29,'Velit optio corrupti dolor voluptatibus quo vitae. Quia dignissimos commodi vel repudiandae deserunt culpa. Ut sunt iste eveniet quae molestiae eum.',3,114,'2021-12-04 16:55:20','2021-12-04 16:55:32'),(30,'Consequuntur autem aperiam et iusto dolores quasi veniam porro. Unde ipsam qui omnis qui earum. Rerum nisi iusto rerum sint quo expedita.',3,117,'2021-12-04 16:55:20','2021-12-04 16:55:32'),(31,'Nihil voluptas nostrum et autem odit. Qui accusamus sequi ut nihil. Deserunt qui ut quidem quaerat totam dolorem doloribus.',4,122,'2021-12-04 16:55:21','2021-12-04 16:55:32'),(32,'Quam in cum recusandae in. Corporis aperiam pariatur ut sint optio ab. Quibusdam commodi et debitis numquam quia. Ut hic id autem id cum. Repudiandae non nemo numquam.',4,128,'2021-12-04 16:55:21','2021-12-04 16:55:32'),(33,'Sit ea quo atque odit ea et minus. Adipisci impedit earum ut nemo officiis est. Ea sunt est iste ut distinctio aut molestiae eum. Autem id non aliquid saepe ut.',4,132,'2021-12-04 16:55:21','2021-12-04 16:55:32'),(34,'Consectetur voluptatum est at dolorem. Rerum eum sint earum ea. Repudiandae qui aut nobis quo nihil odit quaerat voluptatem. Aut aut incidunt est autem accusamus at.',4,135,'2021-12-04 16:55:21','2021-12-04 16:55:32'),(35,'Et voluptatum et et harum. Blanditiis praesentium ut deserunt reiciendis. Voluptas quae qui architecto iure.',4,140,'2021-12-04 16:55:21','2021-12-04 16:55:32'),(36,'Suscipit qui vel eaque qui. Harum sit quos rerum ratione est ut. Fugit adipisci iusto quod omnis est sed.',4,142,'2021-12-04 16:55:21','2021-12-04 16:55:32'),(37,'Et dolorem quae perspiciatis laudantium. Et vel accusamus enim fuga optio provident. Omnis omnis ullam et. Adipisci deserunt accusamus vel.',4,146,'2021-12-04 16:55:21','2021-12-04 16:55:32'),(38,'Magni reprehenderit qui voluptates. Doloremque recusandae porro ducimus provident et libero. Ut dolores omnis est voluptates et quia ipsa accusamus. Et incidunt aspernatur sit sint.',4,152,'2021-12-04 16:55:22','2021-12-04 16:55:32'),(39,'Aut fugit dignissimos dicta aut at quas quos dolor. Voluptate vel et qui voluptate mollitia et commodi. Id dolores eaque placeat ratione omnis asperiores. Aut modi possimus quia nisi maxime.',4,154,'2021-12-04 16:55:22','2021-12-04 16:55:33'),(40,'Cum veritatis laborum vel. Ullam quam at voluptas autem nostrum. Nobis velit minima molestiae consequatur. Quia velit aut fugiat officia commodi nesciunt. Quia ea doloribus a repellat rerum vero.',4,159,'2021-12-04 16:55:22','2021-12-04 16:55:33'),(41,'Nulla ea dolorum qui earum alias dolorem ut. Ut velit ullam ut nobis. Tempore enim expedita harum dicta temporibus consequatur consequuntur quis. Deleniti officiis occaecati ut.',5,163,'2021-12-04 16:55:22','2021-12-04 16:55:33'),(42,'Nostrum velit enim consectetur odio non at odio quisquam. Est eaque cumque rerum recusandae dolorum error. Ea velit voluptatem atque repellendus ducimus architecto eveniet.',5,166,'2021-12-04 16:55:22','2021-12-04 16:55:33'),(43,'Sed nobis cumque aut itaque soluta. Est ratione quis aliquid vel. Nam aut architecto harum.',5,171,'2021-12-04 16:55:22','2021-12-04 16:55:33'),(44,'Iste et repellendus id vel animi mollitia ab cupiditate. Accusantium et et architecto. Et eum nihil eum. Voluptatem voluptate voluptatem natus occaecati. Aut nihil mollitia voluptate fugit velit et perspiciatis.',5,174,'2021-12-04 16:55:23','2021-12-04 16:55:33'),(45,'Nihil quod molestiae quia consequatur earum. Voluptatem est voluptatem sed.',5,177,'2021-12-04 16:55:23','2021-12-04 16:55:33'),(46,'Harum debitis iste id cum a. Voluptates beatae unde eaque magni et commodi. Eaque id laborum eos quibusdam dolore et. In laborum impedit voluptatem est qui omnis reiciendis.',5,184,'2021-12-04 16:55:23','2021-12-04 16:55:33'),(47,'Culpa vel hic temporibus labore et. Hic distinctio fugit quia. Temporibus soluta distinctio qui unde aut voluptatem et.',5,188,'2021-12-04 16:55:23','2021-12-04 16:55:33'),(48,'Voluptas voluptas voluptatem dolorem quia quas ut. Culpa voluptatem velit commodi. Ad et necessitatibus autem. Animi dolorem sit error aut consequatur nostrum tenetur.',5,192,'2021-12-04 16:55:23','2021-12-04 16:55:33'),(49,'Ipsa facilis est nemo accusamus. Beatae enim et quod enim autem nihil. Eos eum sed quae temporibus animi. Nostrum quis sequi et pariatur blanditiis animi.',5,195,'2021-12-04 16:55:23','2021-12-04 16:55:33'),(50,'Tempora doloremque nihil laboriosam facilis. Eius accusantium aliquam nesciunt non quam ex.',5,198,'2021-12-04 16:55:23','2021-12-04 16:55:33'),(51,'Maiores recusandae iusto harum. Quod qui amet rem adipisci iste ratione omnis. Non beatae iusto dolor doloremque aliquid nihil.',6,202,'2021-12-04 16:55:24','2021-12-04 16:55:33'),(52,'Perferendis exercitationem aliquam qui suscipit voluptatem modi. Optio dolores quaerat dicta quis est. Quo qui id nisi autem.',6,205,'2021-12-04 16:55:24','2021-12-04 16:55:33'),(53,'Laborum error accusantium labore corrupti eius exercitationem. Sequi numquam facilis expedita qui quod nam totam sed. Architecto quia excepturi esse illum quae sed sequi occaecati. Laborum reprehenderit nobis dolor.',6,210,'2021-12-04 16:55:24','2021-12-04 16:55:33'),(54,'Non voluptas quis recusandae id iure. Alias aliquam dignissimos recusandae dolorum. A laboriosam voluptatem labore beatae ea ratione.',6,216,'2021-12-04 16:55:24','2021-12-04 16:55:33'),(55,'Deserunt laboriosam voluptatem natus voluptatem. Omnis est doloremque reiciendis. Suscipit officia dolores deserunt voluptates. Eos omnis ullam qui reiciendis voluptatem.',6,218,'2021-12-04 16:55:24','2021-12-04 16:55:33'),(56,'Omnis eius iste nisi soluta rerum. Ipsum accusantium dolor quidem quas rerum.',6,222,'2021-12-04 16:55:24','2021-12-04 16:55:33'),(57,'Molestiae quas non esse iure. Dolor nobis at possimus totam magnam dolore distinctio ut. Molestias architecto accusamus sint qui perferendis.',6,228,'2021-12-04 16:55:25','2021-12-04 16:55:33'),(58,'Molestiae optio commodi rem cum. Ut aut aut velit odio eos saepe. Aspernatur asperiores dolor quam cumque et aperiam. Quis et voluptatem aspernatur inventore.',6,231,'2021-12-04 16:55:25','2021-12-04 16:55:34'),(59,'Sed maiores vitae nostrum minus ullam quia similique rerum. Rerum placeat perspiciatis est mollitia doloribus harum. Eos magni veniam est consequatur. Molestiae nihil repudiandae qui repellendus eos.',6,234,'2021-12-04 16:55:25','2021-12-04 16:55:34'),(60,'Qui culpa quam quidem tempora similique commodi. Id consectetur molestias molestiae assumenda nesciunt nisi. Voluptates dolorem ut eos quam velit fugit est. Molestiae et ut minima a praesentium cumque. Ut earum error voluptatem corporis.',6,240,'2021-12-04 16:55:25','2021-12-04 16:55:34'),(61,'Rerum modi porro itaque illo qui. Aut vel tempora est autem eos aut sint vel. Qui occaecati nostrum placeat ullam consectetur. Necessitatibus dolore culpa voluptates omnis qui. In dignissimos accusantium quis harum.',7,244,'2021-12-04 16:55:25','2021-12-04 16:55:34'),(62,'Excepturi impedit ea minus consectetur. Deleniti cumque repudiandae praesentium in est aut. Iure molestias veniam atque id.',7,245,'2021-12-04 16:55:25','2021-12-04 16:55:34'),(63,'Omnis explicabo sed at voluptatum perferendis vero eius. Sit consequatur animi et rerum et totam totam. Ut modi ratione labore facilis vel ipsum.',7,250,'2021-12-04 16:55:26','2021-12-04 16:55:34'),(64,'Pariatur aliquid quam esse unde officia ut molestiae. Ut vero commodi possimus officia provident laborum aut nihil. Officia minus atque necessitatibus et. Natus dolor numquam quaerat distinctio qui id.',7,253,'2021-12-04 16:55:26','2021-12-04 16:55:34'),(65,'Ab iusto eaque rerum quia aut amet. Quia fuga dignissimos aut quisquam reiciendis hic. Commodi eligendi qui aut. Maiores vitae vero ut eveniet adipisci praesentium perferendis aspernatur.',7,259,'2021-12-04 16:55:26','2021-12-04 16:55:34'),(66,'Aperiam fugiat ut reiciendis et quibusdam omnis enim provident. Saepe iusto necessitatibus assumenda occaecati nisi. Aut excepturi fugit sit id molestiae.',7,262,'2021-12-04 16:55:26','2021-12-04 16:55:34'),(67,'Qui sed aliquid laboriosam pariatur impedit ratione. Quidem molestiae est quia mollitia ullam deserunt reiciendis. Alias voluptatum et voluptatem autem animi.',7,266,'2021-12-04 16:55:26','2021-12-04 16:55:34'),(68,'Sequi quia iusto aliquam quibusdam deleniti ea ea. Non delectus et esse quia maxime velit nihil. Cum fugiat eos rem similique. Unde quas aut et blanditiis.',7,269,'2021-12-04 16:55:26','2021-12-04 16:55:34'),(69,'Aperiam et esse asperiores eum. Incidunt impedit ut ipsum sit ut maiores nam. Aut enim eligendi aut quaerat placeat nihil atque. Voluptatem assumenda aut iste eligendi quia et ea. Similique commodi natus ratione cumque est.',7,275,'2021-12-04 16:55:26','2021-12-04 16:55:34'),(70,'Dolorum ut vel tempora architecto qui et quod sed. Cupiditate voluptatem similique soluta eligendi. Voluptas quibusdam ea ea quod blanditiis.',7,280,'2021-12-04 16:55:27','2021-12-04 16:55:34'),(71,'Modi quos aut nesciunt pariatur rerum commodi quod voluptatem. Qui atque quia sed rem. Et laudantium repellendus qui.',8,283,'2021-12-04 16:55:27','2021-12-04 16:55:34'),(72,'Ut consequatur quo odio officiis sit. Odio minus alias voluptates esse dolorem vero. Iusto assumenda sed illo voluptatem at qui.',8,287,'2021-12-04 16:55:27','2021-12-04 16:55:34'),(73,'Reiciendis est quas neque adipisci ipsum dolores sint. Tempora ipsum necessitatibus doloribus sunt sunt ut qui. Laudantium earum itaque molestias rerum perspiciatis molestiae quisquam officiis.',8,292,'2021-12-04 16:55:27','2021-12-04 16:55:34'),(74,'Rem omnis non mollitia repellat tenetur suscipit. Ut dolorem qui placeat dolores tempora laudantium quaerat. Et iusto molestiae magni vitae quos iure.',8,294,'2021-12-04 16:55:27','2021-12-04 16:55:34'),(75,'Quae in illum perspiciatis perferendis quo non. Nisi in ut voluptas labore omnis ut a. Fugit eos a doloribus iure. Eum aliquid sapiente consequuntur vitae et. Quis doloribus facilis cupiditate dignissimos commodi perferendis et.',8,298,'2021-12-04 16:55:27','2021-12-04 16:55:34'),(76,'Et laboriosam dolore dolorem architecto non. Sequi et repellat ea similique. Ab libero delectus quis perspiciatis laboriosam praesentium. Nihil nostrum quibusdam dignissimos quia deserunt sunt qui et.',8,303,'2021-12-04 16:55:28','2021-12-04 16:55:35'),(77,'Officiis eum numquam culpa optio atque aspernatur quod. Magni consequatur vel molestiae eum omnis adipisci voluptate. Qui tempora in accusantium ad debitis consequatur.',8,308,'2021-12-04 16:55:28','2021-12-04 16:55:35'),(78,'Enim eveniet aut rem minima amet delectus. Labore voluptatibus est sint quis. Dolorum omnis vitae sed non accusantium harum necessitatibus. Et sed qui iusto consequatur ea incidunt fugiat. Quia veniam molestiae ut incidunt facere consequuntur.',8,309,'2021-12-04 16:55:28','2021-12-04 16:55:35'),(79,'Inventore modi dolores magni consectetur sed mollitia. Odio eos consequuntur beatae et quisquam. Est iusto nihil non totam nisi quaerat. Sit sit dolores et qui qui beatae voluptatem.',8,314,'2021-12-04 16:55:28','2021-12-04 16:55:35'),(80,'Harum nulla nihil voluptas rerum voluptates. Ex aperiam perferendis consectetur natus molestiae labore quae. Qui ea officiis magni et qui quam amet et.',8,317,'2021-12-04 16:55:28','2021-12-04 16:55:35'),(81,'Nemo laboriosam architecto sit eaque rem nihil nemo. Quas voluptatem nihil blanditiis culpa et consequatur quam. Aut vitae tempora expedita. Labore et quia sunt sit.',9,321,'2021-12-04 16:55:28','2021-12-04 16:55:35'),(82,'Sequi blanditiis fugiat sit quia culpa rerum. Suscipit commodi soluta provident hic et. Quia sunt magni repellat et.',9,328,'2021-12-04 16:55:29','2021-12-04 16:55:35'),(83,'Facilis nemo totam nemo inventore veritatis sunt quaerat. Sed magnam cumque ad harum explicabo quos architecto. Et sit provident error et.',9,330,'2021-12-04 16:55:29','2021-12-04 16:55:35'),(84,'Voluptas perspiciatis et est sint. Sunt quos enim ullam incidunt. Eligendi porro voluptatem consequatur distinctio aut voluptas laudantium. Quidem placeat ullam error iusto quam dicta.',9,336,'2021-12-04 16:55:29','2021-12-04 16:55:35'),(85,'Dolor necessitatibus illo doloremque. Quibusdam quo excepturi tempore deserunt expedita reprehenderit. Fuga corporis autem voluptatem dolores iste enim. A deserunt sed consequatur corporis.',9,337,'2021-12-04 16:55:29','2021-12-04 16:55:35'),(86,'Consequuntur ut voluptas qui voluptatem ad repellat quia. Necessitatibus ea id deserunt facere dolores temporibus ab. Dignissimos sed iusto molestiae expedita unde. Mollitia eum maiores dolores sunt.',9,344,'2021-12-04 16:55:29','2021-12-04 16:55:35'),(87,'Nihil quia voluptatum ex ullam corporis. Nostrum nam asperiores non ducimus. Quae dolores architecto quisquam error hic. Expedita tenetur omnis rerum dolorem illo mollitia et totam.',9,346,'2021-12-04 16:55:30','2021-12-04 16:55:35'),(88,'Dolores quos sit eaque repudiandae. Unde perspiciatis sapiente accusamus quis exercitationem. Est quod suscipit et soluta cumque voluptate facere. Dolorem natus recusandae sunt id qui iusto voluptatem fugiat.',9,350,'2021-12-04 16:55:30','2021-12-04 16:55:35'),(89,'Omnis laboriosam qui officiis qui ut temporibus at quo. Eos qui sed et assumenda qui consectetur. Molestiae deleniti molestiae dolorem nobis dolorem alias.',9,355,'2021-12-04 16:55:30','2021-12-04 16:55:35'),(90,'Laborum eos eum beatae ad exercitationem asperiores. Et iste hic unde quia. Labore quo ducimus debitis aliquam et optio eos. Voluptas et maxime sapiente maxime quibusdam deserunt.',9,358,'2021-12-04 16:55:31','2021-12-04 16:55:35');
/*!40000 ALTER TABLE `questions` ENABLE KEYS */;
UNLOCK TABLES;

--
-- Table structure for table `quizzes`
--

DROP TABLE IF EXISTS `quizzes`;
/*!40101 SET @saved_cs_client     = @@character_set_client */;
/*!40101 SET character_set_client = utf8 */;
CREATE TABLE `quizzes` (
  `id` bigint(20) unsigned NOT NULL AUTO_INCREMENT,
  `name` varchar(255) COLLATE utf8mb4_unicode_ci NOT NULL,
  `time` int(10) unsigned NOT NULL,
  `created_at` timestamp NULL DEFAULT NULL,
  `updated_at` timestamp NULL DEFAULT NULL,
  PRIMARY KEY (`id`)
) ENGINE=InnoDB AUTO_INCREMENT=10 DEFAULT CHARSET=utf8mb4 COLLATE=utf8mb4_unicode_ci;
/*!40101 SET character_set_client = @saved_cs_client */;

--
-- Dumping data for table `quizzes`
--

LOCK TABLES `quizzes` WRITE;
/*!40000 ALTER TABLE `quizzes` DISABLE KEYS */;
INSERT INTO `quizzes` VALUES (1,'Sed eius odit aut.',30,'2021-12-04 16:55:16','2021-12-04 16:55:16'),(2,'Consectetur dolores tenetur autem libero.',20,'2021-12-04 16:55:18','2021-12-04 16:55:18'),(3,'Eos est repellendus.',10,'2021-12-04 16:55:19','2021-12-04 16:55:19'),(4,'Sed qui voluptates porro.',30,'2021-12-04 16:55:21','2021-12-04 16:55:21'),(5,'Sit qui at.',30,'2021-12-04 16:55:22','2021-12-04 16:55:22'),(6,'Quo aliquam doloremque.',20,'2021-12-04 16:55:24','2021-12-04 16:55:24'),(7,'Totam quia aspernatur occaecati.',20,'2021-12-04 16:55:25','2021-12-04 16:55:25'),(8,'Eos quisquam expedita.',20,'2021-12-04 16:55:27','2021-12-04 16:55:27'),(9,'Id ea.',10,'2021-12-04 16:55:28','2021-12-04 16:55:28');
/*!40000 ALTER TABLE `quizzes` ENABLE KEYS */;
UNLOCK TABLES;

--
-- Table structure for table `users`
--

DROP TABLE IF EXISTS `users`;
/*!40101 SET @saved_cs_client     = @@character_set_client */;
/*!40101 SET character_set_client = utf8 */;
CREATE TABLE `users` (
  `id` bigint(20) unsigned NOT NULL AUTO_INCREMENT,
  `name` varchar(255) COLLATE utf8mb4_unicode_ci NOT NULL,
  `email` varchar(255) COLLATE utf8mb4_unicode_ci NOT NULL,
  `email_verified_at` timestamp NULL DEFAULT NULL,
  `is_admin` tinyint(1) NOT NULL DEFAULT 0,
  `password` varchar(255) COLLATE utf8mb4_unicode_ci NOT NULL,
  `remember_token` varchar(100) COLLATE utf8mb4_unicode_ci DEFAULT NULL,
  `created_at` timestamp NULL DEFAULT NULL,
  `updated_at` timestamp NULL DEFAULT NULL,
  PRIMARY KEY (`id`),
  UNIQUE KEY `users_email_unique` (`email`)
) ENGINE=InnoDB AUTO_INCREMENT=16 DEFAULT CHARSET=utf8mb4 COLLATE=utf8mb4_unicode_ci;
/*!40101 SET character_set_client = @saved_cs_client */;

--
-- Dumping data for table `users`
--

LOCK TABLES `users` WRITE;
/*!40000 ALTER TABLE `users` DISABLE KEYS */;
INSERT INTO `users` VALUES (1,'Gisselle Dach','user@mail.com','2021-12-04 16:55:16',0,'$2y$10$92IXUNpkjO0rOQ5byMi.Ye4oKoEa3Ro9llC/.og/at2.uheWG/igi','yb0Nc6NSHxno4vtgZDj8RsLvErZ1HRWyYafL7iFfFMDU05jj4Z72HEldE40A','2021-12-04 16:55:16','2021-12-04 16:55:16'),(2,'Diego Conn','admin@mail.com','2021-12-04 16:55:16',1,'$2y$10$92IXUNpkjO0rOQ5byMi.Ye4oKoEa3Ro9llC/.og/at2.uheWG/igi','jT7UP7bakKJch6DryD4vdmLRxzZcyGrubr9DMLZCbCW80Djir6YNlGaXu0Jt','2021-12-04 16:55:16','2021-12-04 16:55:16'),(3,'Dr. Kali Jaskolski Jr.','rashawn.nikolaus@example.com','2021-12-04 16:55:16',0,'$2y$10$92IXUNpkjO0rOQ5byMi.Ye4oKoEa3Ro9llC/.og/at2.uheWG/igi','PVcRCXjY53','2021-12-04 16:55:16','2021-12-04 16:55:16'),(4,'Lavinia Bogisich','gschaden@example.net','2021-12-04 16:55:16',0,'$2y$10$92IXUNpkjO0rOQ5byMi.Ye4oKoEa3Ro9llC/.og/at2.uheWG/igi','pLLHuktOsv','2021-12-04 16:55:16','2021-12-04 16:55:16'),(5,'Armando Bergstrom','jgulgowski@example.com','2021-12-04 16:55:16',0,'$2y$10$92IXUNpkjO0rOQ5byMi.Ye4oKoEa3Ro9llC/.og/at2.uheWG/igi','kmZaNGAJjn','2021-12-04 16:55:16','2021-12-04 16:55:16'),(6,'Leonie Schneider','langworth.wilmer@example.org','2021-12-04 16:55:16',0,'$2y$10$92IXUNpkjO0rOQ5byMi.Ye4oKoEa3Ro9llC/.og/at2.uheWG/igi','ewc3YZuY2I','2021-12-04 16:55:16','2021-12-04 16:55:16'),(7,'Alessandra Schaefer','annalise96@example.net','2021-12-04 16:55:16',0,'$2y$10$92IXUNpkjO0rOQ5byMi.Ye4oKoEa3Ro9llC/.og/at2.uheWG/igi','cG9x8x5JQP','2021-12-04 16:55:16','2021-12-04 16:55:16'),(8,'Nettie Raynor','ottis01@example.net','2021-12-04 16:55:16',0,'$2y$10$92IXUNpkjO0rOQ5byMi.Ye4oKoEa3Ro9llC/.og/at2.uheWG/igi','RhWrhIqF80','2021-12-04 16:55:16','2021-12-04 16:55:16'),(9,'Armand Crona','adrain76@example.org','2021-12-04 16:55:16',0,'$2y$10$92IXUNpkjO0rOQ5byMi.Ye4oKoEa3Ro9llC/.og/at2.uheWG/igi','JGTRok197o','2021-12-04 16:55:16','2021-12-04 16:55:16'),(10,'Dr. Danny Hudson DDS','schamberger.reid@example.net','2021-12-04 16:55:16',0,'$2y$10$92IXUNpkjO0rOQ5byMi.Ye4oKoEa3Ro9llC/.og/at2.uheWG/igi','Vncshi1HJq','2021-12-04 16:55:16','2021-12-04 16:55:16'),(11,'Liza Bauch','eorn@example.com','2021-12-04 16:55:16',0,'$2y$10$92IXUNpkjO0rOQ5byMi.Ye4oKoEa3Ro9llC/.og/at2.uheWG/igi','KxcSegKwvb','2021-12-04 16:55:16','2021-12-04 16:55:16'),(12,'Francisca Christiansen Jr.','rigoberto.ziemann@example.org','2021-12-04 16:55:16',0,'$2y$10$92IXUNpkjO0rOQ5byMi.Ye4oKoEa3Ro9llC/.og/at2.uheWG/igi','qigZuC5wKs','2021-12-04 16:55:16','2021-12-04 16:55:16'),(13,'Viryal Zahra Nada','nadaviryal23@gmail.com',NULL,0,'$2y$10$A91qaNSsEsbZfJBS2ovRfOlPABbCMaz0D7bUDtp4sDIkWVVIjgH4W',NULL,'2021-12-06 08:27:20','2021-12-06 08:27:20'),(14,'Jacky','jack@mail.com',NULL,0,'$2y$10$rOgvMNnY4ZGcjDuNYfGQjeL6bU9VBjnRU34jbPNCQXa8U5mLTqyia',NULL,'2021-12-12 11:48:03','2021-12-12 11:48:03'),(15,'test user','test@mail.com',NULL,0,'$2y$10$xYgS0PVNQ0pu62xLTyWrD.2rf0gYkOEcQBb.0j9JpUj/BtkvdadC6',NULL,'2021-12-13 07:47:22','2021-12-13 07:47:22');
/*!40000 ALTER TABLE `users` ENABLE KEYS */;
UNLOCK TABLES;
/*!40103 SET TIME_ZONE=@OLD_TIME_ZONE */;

/*!40101 SET SQL_MODE=@OLD_SQL_MODE */;
/*!40014 SET FOREIGN_KEY_CHECKS=@OLD_FOREIGN_KEY_CHECKS */;
/*!40014 SET UNIQUE_CHECKS=@OLD_UNIQUE_CHECKS */;
/*!40101 SET CHARACTER_SET_CLIENT=@OLD_CHARACTER_SET_CLIENT */;
/*!40101 SET CHARACTER_SET_RESULTS=@OLD_CHARACTER_SET_RESULTS */;
/*!40101 SET COLLATION_CONNECTION=@OLD_COLLATION_CONNECTION */;
/*!40111 SET SQL_NOTES=@OLD_SQL_NOTES */;

-- Dump completed on 2021-12-13 10:27:56
